Year;Month;Day;Hour;Minute;Temperature;RelativeHumidity;MeanSeaLevelPressure;TotalPrecipitation;TotalPrecipitationLR;SnowfallAmount;SnowfallAmount;TotalCloudCover;HighCloudCover;MediumCloudCover;LowCloudCover;SunshineDuration;ShortwaveRadiation;WindSpeed1;WindDirection1;WindSpeed2;WindDirection2;WindSpeed3;WindDirection3;WindGust
2019;03;04;00;00;18.63;44.00;1013.80;0.00;0.00;0.00;0.00;100.00;13.00;100.00;0.00;-999.00;0.00;2.88;180.00;4.68;180.00;5.35;132.27;7.56
2019;03;04;01;00;17.95;48.00;1013.70;0.00;0.00;0.00;0.00;100.00;22.00;100.00;0.00;0.00;0.00;2.19;170.54;4.32;180.00;5.19;123.69;6.48
2019;03;04;02;00;17.26;53.00;1013.50;0.00;0.00;0.00;0.00;100.00;27.00;100.00;0.00;0.00;0.00;2.19;189.46;4.38;189.46;4.69;122.47;5.40
2019;03;04;03;00;16.68;58.00;1013.40;0.00;0.00;0.00;0.00;100.00;30.00;100.00;1.00;0.00;0.00;1.84;191.31;3.24;180.00;4.74;98.75;4.68
2019;03;04;04;00;16.19;61.00;1013.40;0.00;0.00;0.00;0.00;100.00;33.00;100.00;0.00;0.00;0.00;1.30;213.69;1.80;180.00;4.38;80.54;4.68
2019;03;04;05;00;15.71;65.00;1013.50;0.00;0.00;0.00;0.00;100.00;32.00;100.00;0.00;0.00;0.00;2.04;225.00;1.80;180.00;3.67;78.69;5.04
2019;03;04;06;00;15.18;67.00;1013.90;0.00;0.00;0.00;0.00;100.00;31.00;100.00;0.00;0.00;0.00;2.31;218.66;2.19;170.54;2.90;82.87;3.96
2019;03;04;07;00;14.68;69.00;1014.40;0.00;0.00;0.00;0.00;100.00;2.00;100.00;0.00;0.00;0.00;2.55;225.00;2.52;180.00;2.90;82.87;4.68
2019;03;04;08;00;14.72;69.00;1015.10;0.00;0.00;0.00;0.00;100.00;0.00;100.00;0.00;0.00;11.57;1.94;201.80;2.81;140.19;4.45;75.96;3.60
2019;03;04;09;00;15.26;62.00;1014.90;0.00;0.00;0.00;0.00;0.00;0.00;0.00;0.00;0.00;169.10;3.32;229.40;3.32;167.47;5.00;59.74;5.04
2019;03;04;10;00;16.81;58.00;1015.10;0.00;0.00;0.00;0.00;0.00;0.00;0.00;0.00;60.00;380.92;6.64;229.40;4.74;171.25;2.88;90.00;5.76
2019;03;04;11;00;18.72;51.00;1015.10;0.00;0.00;0.00;0.00;0.00;0.00;0.00;0.00;60.00;574.94;8.44;219.81;6.99;168.11;5.80;150.26;4.68
2019;03;04;12;00;20.68;44.00;1014.70;0.00;0.00;0.00;0.00;0.00;0.00;0.00;0.00;60.00;732.47;10.30;216.47;7.77;166.61;7.77;166.61;19.80
2019;03;04;13;00;22.46;38.00;1014.60;0.00;0.00;0.00;0.00;0.00;0.00;0.00;0.00;60.00;841.05;10.80;216.87;8.40;170.13;9.03;175.43;15.48
2019;03;04;14;00;23.76;35.00;1014.30;0.00;0.00;0.00;0.00;0.00;0.00;0.00;0.00;60.00;894.45;12.18;214.16;9.83;171.57;10.44;180.00;20.88
2019;03;04;15;00;24.64;33.00;1014.10;0.00;0.00;0.00;0.00;0.00;0.00;0.00;0.00;60.00;888.22;12.98;213.69;10.82;176.19;11.89;181.74;18.72
2019;03;04;16;00;25.19;31.00;1014.10;0.00;0.00;0.00;0.00;0.00;0.00;0.00;0.00;60.00;822.36;11.98;212.74;9.53;169.11;10.80;180.00;16.92
2019;03;04;17;00;25.45;28.00;1014.00;0.00;0.00;0.00;0.00;0.00;0.00;0.00;0.00;60.00;703.99;10.99;211.61;8.47;167.74;9.72;180.00;15.48
2019;03;04;18;00;25.19;27.00;1014.10;0.00;0.00;0.00;0.00;0.00;0.00;0.00;0.00;60.00;539.34;9.83;208.44;7.75;158.20;9.03;175.43;20.16
2019;03;04;19;00;24.59;26.00;1014.40;0.00;0.00;0.00;0.00;0.00;0.00;0.00;0.00;60.00;345.32;8.89;201.37;8.29;145.62;9.45;162.26;19.08
2019;03;04;20;00;23.38;28.00;1014.90;0.00;0.00;0.00;0.00;0.00;0.00;0.00;0.00;60.00;133.50;8.31;184.97;9.96;130.60;11.75;152.65;18.36
2019;03;04;21;00;21.51;34.00;1015.50;0.00;0.00;0.00;0.00;0.00;0.00;0.00;0.00;17.04;1.78;5.24;164.05;9.34;117.55;12.10;149.62;9.00
2019;03;04;22;00;19.48;42.00;1015.90;0.00;0.00;0.00;0.00;0.00;0.00;0.00;0.00;0.00;0.00;3.67;168.69;5.12;129.29;9.00;143.13;7.92
2019;03;04;23;00;18.26;48.00;1016.10;0.00;0.00;0.00;0.00;0.00;0.00;0.00;0.00;0.00;0.00;2.74;156.80;5.09;171.87;6.49;123.69;11.52
2019;03;05;00;00;17.18;53.00;1015.70;0.00;0.00;0.00;0.00;0.00;0.00;0.00;0.00;0.00;0.00;2.60;123.69;4.69;175.60;6.49;123.69;6.84
2019;03;05;01;00;16.55;55.00;1015.50;0.00;0.00;0.00;0.00;0.00;0.00;0.00;0.00;0.00;0.00;3.60;90.00;4.80;167.01;6.79;122.01;6.12
2019;03;05;02;00;16.13;52.00;1014.70;0.00;0.00;0.00;0.00;0.00;0.00;0.00;0.00;0.00;0.00;4.33;85.24;4.02;153.43;5.69;124.70;4.68
2019;03;05;03;00;15.85;47.00;1014.40;0.00;0.00;0.00;0.00;0.00;0.00;0.00;0.00;0.00;0.00;4.80;77.01;4.55;161.57;6.13;130.24;3.96
2019;03;05;04;00;15.61;41.00;1014.30;0.00;0.00;0.00;0.00;0.00;0.00;0.00;0.00;0.00;0.00;5.35;70.35;4.35;155.56;5.96;115.02;2.52
2019;03;05;05;00;15.43;37.00;1013.90;0.00;0.00;0.00;0.00;0.00;0.00;0.00;0.00;0.00;0.00;4.83;63.43;5.01;158.96;6.29;103.24;2.88
2019;03;05;06;00;15.26;33.00;1014.10;0.00;0.00;0.00;0.00;0.00;0.00;0.00;0.00;0.00;0.00;4.35;65.56;5.00;149.74;6.73;105.52;1.80
2019;03;05;07;00;15.07;31.00;1014.30;0.00;0.00;0.00;0.00;0.00;0.00;0.00;0.00;0.00;0.00;4.21;70.02;4.84;138.01;7.17;107.53;1.08
2019;03;05;08;00;15.04;34.00;1014.70;0.00;0.00;0.00;0.00;0.00;0.00;0.00;0.00;27.38;10.68;4.90;72.90;5.86;132.51;7.34;101.31;2.52
2019;03;05;09;00;18.23;19.00;1013.70;0.00;0.00;0.00;0.00;0.00;0.00;0.00;0.00;60.00;172.66;0.36;360.00;5.45;172.41;5.59;104.93;2.16
2019;03;05;10;00;19.47;23.00;1013.60;0.00;0.00;0.00;0.00;0.00;0.00;0.00;0.00;60.00;389.82;5.19;236.31;5.35;160.35;5.45;97.59;2.88
2019;03;05;11;00;21.66;23.00;1013.40;0.00;0.00;0.00;0.00;0.00;0.00;0.00;0.00;60.00;586.51;6.37;227.29;6.61;150.64;6.12;118.07;2.88
2019;03;05;12;00;24.12;19.00;1013.10;0.00;0.00;0.00;0.00;0.00;0.00;0.00;0.00;60.00;746.71;7.64;225.00;6.44;153.43;5.69;145.30;4.32
2019;03;05;13;00;26.20;17.00;1012.90;0.00;0.00;0.00;0.00;0.00;0.00;0.00;0.00;60.00;855.29;8.40;223.26;6.83;161.57;6.03;162.65;18.00
2019;03;05;14;00;27.95;15.00;1012.60;0.00;0.00;0.00;0.00;0.00;0.00;0.00;0.00;60.00;908.69;9.42;223.45;7.52;163.30;7.21;177.14;18.72
2019;03;05;15;00;29.06;15.00;1012.30;0.00;0.00;0.00;0.00;0.00;0.00;0.00;0.00;60.00;901.57;9.79;216.03;8.89;158.63;8.76;170.54;18.00
2019;03;05;16;00;29.68;15.00;1012.40;0.00;0.00;0.00;0.00;0.00;0.00;0.00;0.00;60.00;833.93;10.88;214.22;9.90;160.91;10.11;175.91;15.48
2019;03;05;17;00;29.69;15.00;1012.50;0.00;0.00;0.00;0.00;0.00;0.00;0.00;0.00;60.00;712.00;10.19;212.01;9.57;160.20;10.14;173.88;16.92
2019;03;05;18;00;29.37;15.00;1012.60;0.00;0.00;0.00;0.00;0.00;0.00;0.00;0.00;60.00;542.90;9.50;204.62;8.89;148.24;9.45;162.26;16.20
2019;03;05;19;00;28.59;15.00;1013.00;0.00;0.00;0.00;0.00;0.00;0.00;0.00;0.00;60.00;345.32;9.35;195.64;9.45;139.64;10.31;155.22;16.56
2019;03;05;20;00;26.84;18.00;1013.60;0.00;0.00;0.00;0.00;0.00;0.00;0.00;0.00;60.00;130.83;6.85;176.99;10.50;120.96;12.48;146.77;10.08
2019;03;05;21;00;24.76;23.00;1014.20;0.00;0.00;0.00;0.00;0.00;0.00;0.00;0.00;15.78;1.78;4.90;126.03;9.61;102.99;12.50;131.50;7.56
2019;03;05;22;00;23.22;28.00;1014.60;0.00;0.00;0.00;0.00;0.00;0.00;0.00;0.00;0.00;0.00;3.60;126.87;5.80;119.74;9.18;131.82;7.20
2019;03;05;23;00;22.01;31.00;1014.80;0.00;0.00;0.00;0.00;0.00;0.00;0.00;0.00;0.00;0.00;3.22;116.57;3.60;143.13;7.42;129.09;8.64
2019;03;06;00;00;20.96;31.00;1014.60;0.00;0.00;0.00;0.00;0.00;0.00;0.00;0.00;0.00;0.00;3.98;95.19;2.62;164.05;6.73;105.52;7.92
2019;03;06;01;00;20.52;26.00;1014.50;0.00;0.00;0.00;0.00;0.00;0.00;0.00;0.00;0.00;0.00;5.05;85.91;2.60;123.69;6.52;96.34;6.12
2019;03;06;02;00;20.16;20.00;1014.20;0.00;0.00;0.00;0.00;0.00;0.00;0.00;0.00;0.00;0.00;6.03;72.65;1.61;153.43;4.74;98.75;4.32
2019;03;06;03;00;19.98;16.00;1013.70;0.00;0.00;0.00;0.00;0.00;0.00;0.00;0.00;0.00;0.00;5.48;66.80;1.84;168.69;4.74;98.75;3.24
2019;03;06;04;00;19.81;13.00;1013.60;0.00;0.00;0.00;0.00;0.00;0.00;0.00;0.00;0.00;0.00;5.15;65.22;2.62;164.05;4.38;99.46;2.16
2019;03;06;05;00;19.58;12.00;1013.60;0.00;0.00;0.00;0.00;0.00;0.00;0.00;0.00;0.00;0.00;5.35;70.35;3.32;167.47;4.21;109.98;1.80
2019;03;06;06;00;19.27;12.00;1013.50;0.00;0.00;0.00;0.00;0.00;0.00;0.00;0.00;0.00;0.00;5.24;74.05;2.81;129.81;4.68;112.62;2.16
2019;03;06;07;00;18.93;11.00;1013.90;0.00;0.00;0.00;0.00;0.00;0.00;0.00;0.00;0.00;0.00;5.59;75.07;2.31;128.66;5.01;111.04;1.80
2019;03;06;08;00;18.63;11.00;1014.60;0.00;0.00;0.00;0.00;0.00;0.00;0.00;0.00;26.57;9.79;5.59;75.07;2.60;123.69;5.35;109.65;1.80
2019;03;06;09;00;19.50;14.00;1014.00;0.00;0.00;0.00;0.00;0.00;0.00;0.00;0.00;60.00;170.88;0.51;135.00;2.04;135.00;4.33;94.76;2.52
2019;03;06;10;00;21.02;16.00;1013.80;0.00;0.00;0.00;0.00;0.00;0.00;0.00;0.00;60.00;388.93;5.35;227.73;2.31;141.34;4.02;100.30;3.24
2019;03;06;11;00;22.79;16.00;1013.80;0.00;0.00;0.00;0.00;0.00;0.00;0.00;0.00;60.00;586.51;7.15;220.91;4.51;151.39;5.12;129.29;3.24
2019;03;06;12;00;24.77;17.00;1013.70;0.00;0.00;0.00;0.00;0.00;0.00;0.00;0.00;60.00;747.60;9.00;216.87;6.62;157.62;7.24;153.43;5.76
2019;03;06;13;00;26.65;15.00;1013.50;0.00;0.00;0.00;0.00;0.00;0.00;0.00;0.00;60.00;857.07;9.59;214.29;7.97;161.57;8.56;165.38;8.28
2019;03;06;14;00;28.22;14.00;1013.10;0.00;0.00;0.00;0.00;0.00;0.00;0.00;0.00;60.00;910.47;10.81;209.98;8.77;160.82;9.47;171.25;18.36
2019;03;06;15;00;29.22;13.00;1013.10;0.00;0.00;0.00;0.00;0.00;0.00;0.00;0.00;60.00;903.35;11.30;210.65;8.65;163.07;9.39;175.60;19.08
2019;03;06;16;00;29.73;13.00;1012.80;0.00;0.00;0.00;0.00;0.00;0.00;0.00;0.00;60.00;835.71;11.49;212.20;9.00;163.74;9.73;177.88;14.40
2019;03;06;17;00;29.73;13.00;1012.70;0.00;0.00;0.00;0.00;0.00;0.00;0.00;0.00;60.00;712.89;11.79;211.26;9.35;164.36;10.45;178.03;18.00
2019;03;06;18;00;28.98;15.00;1013.20;0.00;0.00;0.00;0.00;0.00;0.00;0.00;0.00;60.00;542.90;12.25;204.30;9.90;160.91;11.25;172.65;19.44
2019;03;06;19;00;27.20;21.00;1013.50;0.00;0.00;0.00;0.00;0.00;0.00;0.00;0.00;60.00;342.65;12.52;198.43;10.93;162.76;13.04;173.66;18.00
2019;03;06;20;00;24.37;30.00;1014.50;0.00;0.00;0.00;0.00;0.00;0.00;0.00;0.00;60.00;127.27;9.01;182.29;10.09;145.18;13.21;162.55;11.88
2019;03;06;21;00;22.43;35.00;1015.50;0.00;0.00;0.00;0.00;0.00;0.00;0.00;0.00;14.51;0.89;5.96;154.98;8.50;126.38;11.49;147.80;8.64
2019;03;06;22;00;21.12;38.00;1015.70;0.00;0.00;0.00;0.00;0.00;0.00;0.00;0.00;0.00;0.00;4.38;170.54;4.69;147.53;7.49;144.78;7.92
2019;03;06;23;00;20.06;41.00;1015.90;0.00;0.00;0.00;0.00;0.00;0.00;0.00;0.00;0.00;0.00;3.67;168.69;5.45;172.41;7.15;130.91;7.56
2019;03;07;00;00;18.97;44.00;1015.90;0.00;0.00;0.00;0.00;0.00;0.00;0.00;0.00;0.00;0.00;3.08;159.44;4.68;180.00;6.64;130.60;7.20
2019;03;07;01;00;18.09;45.00;1016.00;0.00;0.00;0.00;0.00;0.00;0.00;0.00;0.00;0.00;0.00;2.81;129.81;4.02;169.70;6.61;119.36;7.56
2019;03;07;02;00;17.28;44.00;1015.40;0.00;0.00;0.00;0.00;0.00;0.00;0.00;0.00;0.00;0.00;2.90;119.74;5.40;180.00;5.82;111.80;5.76
2019;03;07;03;00;16.72;42.00;1015.20;0.00;0.00;0.00;0.00;0.00;0.00;0.00;0.00;0.00;0.00;2.97;104.04;5.05;175.91;5.09;98.13;4.32
2019;03;07;04;00;16.27;39.00;1015.40;0.00;0.00;0.00;0.00;0.00;0.00;0.00;0.00;0.00;0.00;2.90;97.13;4.80;167.01;4.68;90.00;3.24
2019;03;07;05;00;15.79;36.00;1015.30;0.00;0.00;0.00;0.00;0.00;0.00;0.00;0.00;0.00;0.00;2.62;105.95;5.59;165.07;4.32;90.00;3.60
2019;03;07;06;00;15.33;32.00;1015.30;0.00;0.00;0.00;0.00;0.00;0.00;0.00;0.00;0.00;0.00;2.74;113.20;6.03;162.65;4.69;94.40;3.60
2019;03;07;07;00;14.91;29.00;1015.50;0.00;0.00;0.00;0.00;0.00;0.00;0.00;0.00;0.00;0.00;2.41;116.57;5.69;161.57;3.98;95.19;3.24
2019;03;07;08;00;14.68;26.00;1016.00;0.00;0.00;0.00;0.00;0.00;0.00;0.00;0.00;25.76;8.90;2.31;128.66;5.63;153.43;3.96;90.00;2.88
2019;03;07;09;00;15.92;45.00;1015.80;0.00;0.00;0.00;0.00;0.00;0.00;0.00;0.00;60.00;162.87;3.88;201.80;6.29;166.76;3.42;108.43;2.88
2019;03;07;10;00;17.24;49.00;1015.80;0.00;0.00;0.00;0.00;0.00;0.00;0.00;0.00;60.00;376.47;5.80;209.74;4.55;161.57;3.71;119.05;3.60
2019;03;07;11;00;19.07;47.00;1015.70;0.00;0.00;0.00;0.00;0.00;0.00;0.00;0.00;60.00;571.38;7.79;213.69;5.77;176.42;4.39;145.01;4.68
2019;03;07;12;00;21.06;44.00;1015.20;0.00;0.00;0.00;0.00;0.00;0.00;0.00;0.00;60.00;731.58;10.19;212.01;8.28;180.00;8.12;167.20;7.20
2019;03;07;13;00;22.84;39.00;1014.70;0.00;0.00;0.00;0.00;0.00;0.00;0.00;0.00;60.00;840.16;11.92;208.89;10.44;180.00;10.90;172.41;8.64
2019;03;07;14;00;24.43;35.00;1014.30;0.00;0.00;0.00;0.00;0.00;0.00;0.00;0.00;60.00;894.45;12.41;209.54;10.08;180.00;11.52;180.00;10.44
2019;03;07;15;00;25.50;32.00;1013.70;0.00;0.00;0.00;0.00;0.00;0.00;0.00;0.00;60.00;887.33;13.36;207.26;10.81;178.09;12.60;180.00;15.84
2019;03;07;16;00;25.99;31.00;1013.40;0.00;0.00;0.00;0.00;0.00;0.00;0.00;0.00;60.00;818.80;12.72;205.11;8.83;168.23;10.82;176.19;18.72
2019;03;07;17;00;26.00;33.00;1013.00;0.00;0.00;0.00;0.00;0.00;0.00;0.00;0.00;60.00;695.98;12.90;202.99;8.91;165.96;10.85;174.29;16.92
2019;03;07;18;00;25.48;36.00;1012.90;0.00;0.00;0.00;0.00;0.00;0.00;0.00;0.00;60.00;527.77;12.30;200.56;8.43;160.02;10.18;171.87;17.64
2019;03;07;19;00;24.67;42.00;1013.00;0.00;0.00;0.00;0.00;0.00;0.00;0.00;0.00;60.00;331.08;11.62;196.19;8.70;155.56;10.74;166.43;17.64
2019;03;07;20;00;23.32;49.00;1013.50;0.00;0.00;0.00;0.00;0.00;0.00;0.00;0.00;60.00;120.15;7.95;185.19;7.65;138.81;10.14;152.53;15.84
2019;03;07;21;00;21.91;56.00;1013.80;0.00;0.00;0.00;0.00;0.00;0.00;0.00;0.00;13.23;0.89;4.45;165.96;7.10;120.47;10.23;140.71;7.92
2019;03;07;22;00;20.55;63.00;1014.00;0.00;0.00;0.00;0.00;0.00;0.00;0.00;0.00;0.00;0.00;3.96;180.00;5.48;156.80;8.79;145.01;7.92
2019;03;07;23;00;19.42;69.00;1014.00;0.00;0.00;0.00;0.00;0.00;0.00;0.00;0.00;0.00;0.00;3.60;180.00;6.13;183.37;7.24;153.43;7.20
2019;03;08;00;00;18.43;74.00;1013.40;0.00;0.00;0.00;0.00;0.00;0.00;0.00;0.00;0.00;0.00;2.97;165.96;7.34;191.31;6.76;154.80;6.12
2019;03;08;01;00;17.66;76.00;1013.20;0.00;0.00;0.00;0.00;0.00;0.00;0.00;0.00;0.00;0.00;3.40;147.99;8.64;180.00;8.23;156.80;6.12
2019;03;08;02;00;17.00;75.00;1012.60;0.00;0.00;0.00;0.00;0.00;0.00;0.00;0.00;0.00;0.00;3.32;130.60;6.88;173.99;8.09;147.72;5.76
2019;03;08;03;00;16.33;76.00;1011.80;0.00;0.00;0.00;0.00;7.00;0.00;0.00;7.00;0.00;0.00;3.08;110.56;5.51;168.69;5.86;137.49;3.96
2019;03;08;04;00;15.75;76.00;1011.70;0.00;0.00;0.00;0.00;0.00;0.00;0.00;0.00;0.00;0.00;2.90;97.13;5.24;164.05;4.69;122.47;2.52
2019;03;08;05;00;15.22;77.00;1011.60;0.00;0.00;0.00;0.00;4.00;0.00;0.00;4.00;0.00;0.00;1.94;111.80;5.96;154.98;4.69;122.47;2.88
2019;03;08;06;00;14.71;77.00;1011.60;0.00;0.00;0.00;0.00;6.00;0.00;0.00;6.00;0.00;0.00;2.04;135.00;6.12;151.93;5.15;114.78;3.24
2019;03;08;07;00;14.20;78.00;1011.90;0.00;0.00;0.00;0.00;32.00;0.00;0.00;32.00;0.00;0.00;2.10;149.04;5.82;158.20;4.90;107.10;3.24
2019;03;08;08;00;13.83;81.00;1012.60;0.00;0.00;0.00;0.00;29.00;0.00;0.00;29.00;16.47;8.01;2.28;161.57;6.38;163.61;4.21;109.98;3.60
2019;03;08;09;00;15.96;53.00;1010.70;0.00;0.00;0.00;0.00;2.00;0.00;0.00;2.00;41.49;159.31;2.74;246.80;5.86;169.38;4.51;118.61;2.16
2019;03;08;10;00;17.12;58.00;1010.40;0.00;0.00;0.00;0.00;0.00;0.00;0.00;0.00;58.72;371.13;6.13;229.76;5.15;167.91;4.61;141.34;3.60
2019;03;08;11;00;18.70;60.00;1010.20;0.00;0.00;0.00;0.00;0.00;0.00;0.00;0.00;60.00;563.37;8.50;216.38;7.34;168.69;7.29;159.78;8.28
2019;03;08;12;00;20.32;60.00;1010.00;0.00;0.00;0.00;0.00;0.00;0.00;0.00;0.00;60.00;720.01;10.99;211.61;9.06;173.16;9.78;173.66;15.48
2019;03;08;13;00;21.52;57.00;1009.50;0.00;0.00;0.00;0.00;0.00;0.00;0.00;0.00;60.00;825.03;12.41;209.54;10.45;178.03;11.54;176.42;24.48
2019;03;08;14;00;22.34;53.00;1009.10;0.00;0.00;0.00;0.00;0.00;0.00;0.00;0.00;60.00;877.54;14.02;209.20;11.17;178.15;11.88;180.00;34.20
2019;03;08;15;00;22.64;52.00;1009.10;0.00;0.00;0.00;0.00;100.00;0.00;0.00;100.00;60.00;869.53;14.49;206.57;11.88;180.00;12.60;180.00;37.08
2019;03;08;16;00;22.67;51.00;1009.20;0.00;0.00;0.00;0.00;0.00;0.00;0.00;0.00;0.00;786.76;14.81;205.94;12.24;180.00;12.96;180.00;37.08
2019;03;08;17;00;22.35;50.00;1009.50;0.00;0.00;0.00;0.00;1.00;0.00;0.00;1.00;60.00;678.18;15.79;204.23;14.40;181.43;15.12;180.00;40.68
2019;03;08;18;00;21.48;49.00;1010.00;0.00;0.00;0.00;0.00;2.00;0.00;0.00;2.00;59.36;517.09;15.84;201.32;14.04;180.00;15.48;180.00;41.04
2019;03;08;19;00;20.47;50.00;1010.30;0.00;0.00;0.00;0.00;8.00;0.00;0.00;8.00;58.72;329.30;13.80;195.12;11.97;173.09;13.49;170.79;40.68
2019;03;08;20;00;19.28;52.00;1010.80;0.00;0.00;0.00;0.00;3.00;0.00;0.00;3.00;54.89;120.15;11.17;181.85;10.03;158.96;11.92;154.98;17.28
2019;03;08;21;00;18.30;55.00;1011.40;0.00;0.00;0.00;0.00;44.00;0.00;0.00;44.00;11.57;0.00;7.57;182.73;6.95;158.75;9.59;145.71;10.44
2019;03;08;22;00;17.27;58.00;1011.50;0.00;0.00;0.00;0.00;0.00;0.00;0.00;0.00;0.00;0.00;5.76;180.00;6.03;162.65;8.22;151.19;9.72
2019;03;08;23;00;16.26;62.00;1011.70;0.00;0.00;0.00;0.00;0.00;0.00;0.00;0.00;0.00;0.00;5.40;180.00;5.80;172.87;7.73;152.24;9.72
2019;03;09;00;00;15.41;66.00;1011.90;0.00;0.00;0.00;0.00;0.00;0.00;0.00;0.00;0.00;0.00;3.71;150.95;5.41;183.81;5.40;143.13;7.92
2019;03;09;01;00;14.84;69.00;1011.70;0.00;0.00;0.00;0.00;0.00;0.00;0.00;0.00;0.00;0.00;3.55;113.96;5.04;180.00;5.90;127.57;5.76
2019;03;09;02;00;14.33;71.00;1011.40;0.00;0.00;0.00;0.00;0.00;0.00;0.00;0.00;0.00;0.00;3.60;90.00;5.04;180.00;5.32;118.30;4.32
2019;03;09;03;00;14.01;70.00;1011.20;0.00;0.00;0.00;0.00;0.00;0.00;0.00;0.00;0.00;0.00;5.05;85.91;5.01;158.96;5.00;120.26;3.60
2019;03;09;04;00;13.79;67.00;1011.00;0.00;0.00;0.00;0.00;0.00;0.00;0.00;0.00;0.00;0.00;5.45;82.41;4.39;145.01;5.50;121.61;3.24
2019;03;09;05;00;13.61;64.00;1010.90;0.00;0.10;0.00;0.00;1.00;0.00;0.00;1.00;0.00;0.00;5.86;79.38;4.58;135.00;5.69;124.70;3.24
2019;03;09;06;00;13.41;61.00;1011.00;0.00;0.50;0.00;0.00;0.00;0.00;0.00;0.00;0.00;0.00;5.45;82.41;5.62;129.81;6.49;123.69;2.52
2019;03;09;07;00;13.25;57.00;1011.10;0.00;0.40;0.00;0.00;2.00;0.00;0.00;2.00;0.00;0.00;5.41;86.19;5.40;126.87;6.92;128.66;2.52
2019;03;09;08;00;13.28;55.00;1011.50;0.00;0.20;0.00;0.00;0.00;0.00;0.00;0.00;23.65;7.12;5.77;86.42;5.32;118.30;7.99;125.84;3.96
2019;03;09;09;00;13.65;63.00;1010.00;0.00;0.00;0.00;0.00;3.00;0.00;0.00;3.00;60.00;158.42;1.44;180.00;7.70;169.22;6.79;147.99;3.96
2019;03;09;10;00;14.84;63.00;1009.80;0.00;0.00;0.00;0.00;0.00;0.00;0.00;0.00;58.09;372.02;6.62;225.00;6.03;162.65;5.62;140.19;4.32
2019;03;09;11;00;16.96;56.00;1009.60;0.00;0.00;0.00;0.00;0.00;0.00;0.00;0.00;60.00;566.93;7.20;216.87;5.15;155.22;5.62;129.81;3.60
2019;03;09;12;00;19.45;46.00;1009.30;0.00;0.00;0.00;0.00;0.00;0.00;0.00;0.00;60.00;726.24;9.51;209.48;7.28;171.47;7.09;156.04;6.84
2019;03;09;13;00;21.51;43.00;1009.10;0.00;0.00;0.00;0.00;0.00;0.00;0.00;0.00;60.00;834.82;11.92;205.02;10.81;181.91;10.50;174.09;10.44
2019;03;09;14;00;23.21;40.00;1008.30;0.00;0.00;0.00;0.00;0.00;0.00;0.00;0.00;60.00;888.22;14.33;205.28;11.61;187.13;12.62;183.27;12.60
2019;03;09;15;00;24.30;39.00;1007.80;0.00;0.00;0.00;0.00;0.00;0.00;0.00;0.00;60.00;879.32;15.29;206.57;13.56;190.71;14.56;188.53;10.80
2019;03;09;16;00;24.80;40.00;1007.90;0.00;0.00;0.00;0.00;0.00;0.00;0.00;0.00;60.00;809.01;15.62;205.97;13.80;187.50;14.62;189.93;11.16
2019;03;09;17;00;24.62;42.00;1008.10;0.00;0.00;0.00;0.00;0.00;0.00;0.00;0.00;60.00;685.30;15.60;198.85;15.12;181.36;15.50;182.66;11.52
2019;03;09;18;00;23.63;47.00;1008.30;0.00;0.00;0.00;0.00;0.00;0.00;0.00;0.00;60.00;516.20;15.73;195.95;14.40;180.00;15.48;180.00;12.96
2019;03;09;19;00;22.25;52.00;1008.80;0.00;0.00;0.00;0.00;0.00;0.00;0.00;0.00;60.00;320.40;14.41;192.99;13.70;176.99;14.78;177.21;12.96
2019;03;09;20;00;20.41;57.00;1009.50;0.00;0.00;0.00;0.00;0.00;0.00;0.00;0.00;60.00;110.36;10.66;191.69;9.75;175.76;11.25;172.65;11.88
2019;03;09;21;00;18.89;60.00;1009.80;0.00;0.00;0.00;0.00;0.00;0.00;0.00;0.00;10.66;0.00;6.16;186.71;5.05;175.91;7.59;174.56;8.64
2019;03;09;22;00;17.61;63.00;1010.30;0.00;0.00;0.00;0.00;0.00;0.00;0.00;0.00;0.00;0.00;5.80;187.13;3.62;174.29;5.80;172.87;8.64
2019;03;09;23;00;16.62;66.00;1010.90;0.00;0.00;0.00;0.00;0.00;0.00;0.00;0.00;0.00;0.00;4.68;180.00;3.42;161.57;4.90;143.97;7.56
2019;03;10;00;00;15.68;70.00;1011.00;0.00;0.00;0.00;0.00;0.00;0.00;0.00;0.00;0.00;0.00;3.96;180.00;3.96;180.00;4.61;141.34;7.56
2019;03;10;01;00;14.92;73.00;1011.80;0.00;0.00;0.00;0.00;0.00;0.00;0.00;0.00;0.00;0.00;3.42;161.57;4.74;171.25;5.12;129.29;7.20
2019;03;10;02;00;14.20;77.00;1012.10;0.00;0.00;0.00;0.00;3.00;0.00;0.00;3.00;0.00;0.00;3.55;156.04;6.16;173.29;5.86;137.49;7.20
2019;03;10;03;00;13.36;84.00;1012.00;0.00;0.00;0.00;0.00;16.00;0.00;0.00;16.00;0.00;0.00;3.76;163.30;6.84;180.00;6.49;146.31;7.20
2019;03;10;04;00;12.53;89.00;1012.50;0.00;0.00;0.00;0.00;100.00;0.00;0.00;100.00;0.00;0.00;3.42;161.57;7.20;180.00;7.24;153.43;7.20
2019;03;10;05;00;12.15;91.00;1012.90;0.00;0.00;0.00;0.00;100.00;0.00;0.00;100.00;0.00;0.00;3.32;167.47;6.48;180.00;6.12;151.93;5.76
2019;03;10;06;00;11.83;93.00;1013.40;0.00;0.00;0.00;0.00;100.00;0.00;0.00;100.00;0.00;0.00;2.88;180.00;6.12;180.00;5.62;140.19;5.04
2019;03;10;07;00;11.70;93.00;1013.80;0.00;0.00;0.00;0.00;100.00;0.00;0.00;100.00;0.00;0.00;3.26;173.66;6.16;173.29;5.69;145.30;5.04
2019;03;10;08;00;11.62;93.00;1014.80;0.00;0.00;0.00;0.00;100.00;0.00;0.00;100.00;0.00;3.56;3.24;180.00;6.49;176.82;4.33;138.37;5.04
2019;03;10;09;00;13.15;83.00;1013.90;0.00;0.00;0.00;0.00;55.00;0.00;0.00;55.00;0.00;150.41;3.89;213.69;3.76;163.30;2.74;113.20;3.60
2019;03;10;10;00;14.37;78.00;1013.90;0.00;0.00;0.00;0.00;27.00;0.00;0.00;27.00;24.89;364.90;5.00;239.74;2.28;161.57;1.48;104.04;2.52
2019;03;10;11;00;16.03;73.00;1014.00;0.00;0.00;0.00;0.00;15.00;0.00;0.00;15.00;42.77;556.25;7.39;223.03;4.68;180.00;3.24;180.00;4.32
2019;03;10;12;00;17.93;64.00;1013.70;0.00;0.00;0.00;0.00;0.00;0.00;0.00;0.00;50.43;714.67;9.69;221.99;4.74;188.75;4.90;197.10;6.48
2019;03;10;13;00;19.68;58.00;1013.40;0.00;0.00;0.00;0.00;0.00;0.00;0.00;0.00;60.00;822.36;10.80;216.87;6.16;186.71;6.57;189.46;6.84
2019;03;10;14;00;21.27;52.00;1013.00;0.00;0.00;0.00;0.00;0.00;0.00;0.00;0.00;60.00;874.87;12.40;205.82;9.01;177.71;9.36;180.00;10.44
2019;03;10;15;00;22.35;48.00;1012.60;0.00;0.00;0.00;0.00;0.00;0.00;0.00;0.00;60.00;867.75;14.12;199.36;12.25;178.32;12.96;178.41;11.16
2019;03;10;16;00;22.97;46.00;1012.20;0.00;0.00;0.00;0.00;0.00;0.00;0.00;0.00;60.00;800.11;14.92;199.75;12.61;178.36;13.68;180.00;10.80
2019;03;10;17;00;23.00;47.00;1011.80;0.00;0.00;0.00;0.00;0.00;0.00;0.00;0.00;60.00;678.18;14.92;199.75;12.96;180.00;14.40;181.43;10.80
2019;03;10;18;00;22.58;48.00;1012.00;0.00;0.00;0.00;0.00;0.00;0.00;0.00;0.00;60.00;509.97;14.35;197.53;11.54;176.42;13.68;180.00;11.88
2019;03;10;19;00;21.69;51.00;1012.00;0.00;0.00;0.00;0.00;0.00;0.00;0.00;0.00;60.00;315.06;13.21;197.45;10.46;176.05;12.25;178.32;12.60
2019;03;10;20;00;20.00;55.00;1012.60;0.00;0.00;0.00;0.00;0.00;0.00;0.00;0.00;60.00;105.91;11.37;190.95;9.69;164.93;11.72;169.38;14.04
2019;03;10;21;00;18.40;59.00;1013.50;0.00;0.00;0.00;0.00;0.00;0.00;0.00;0.00;9.36;0.00;7.93;177.40;7.64;135.00;11.11;155.10;10.44
2019;03;10;22;00;17.33;61.00;1013.70;0.00;0.00;0.00;0.00;0.00;0.00;0.00;0.00;0.00;0.00;4.69;175.60;4.02;100.30;6.76;154.80;7.92
2019;03;10;23;00;16.67;63.00;1013.90;0.00;0.00;0.00;0.00;0.00;0.00;0.00;0.00;0.00;0.00;4.32;180.00;3.24;90.00;4.90;143.97;7.20
2019;03;11;00;00;16.09;65.00;1014.10;0.00;0.00;0.00;0.00;0.00;0.00;0.00;0.00;0.00;0.00;3.98;185.19;2.16;90.00;3.56;135.00;5.76
2019;03;11;01;00;15.56;67.00;1014.20;0.00;0.00;0.00;0.00;0.00;0.00;0.00;0.00;0.00;0.00;2.52;180.00;2.52;90.00;2.97;104.04;3.96
2019;03;11;02;00;15.09;70.00;1014.00;0.00;0.00;0.00;0.00;0.00;0.00;0.00;0.00;0.00;0.00;1.61;153.43;3.24;90.00;3.60;90.00;2.52
2019;03;11;03;00;14.73;72.00;1014.20;0.00;0.00;0.00;0.00;0.00;0.00;0.00;0.00;0.00;0.00;1.30;123.69;3.62;95.71;4.10;74.74;1.80
2019;03;11;04;00;14.44;73.00;1014.30;0.00;0.00;0.00;0.00;0.00;0.00;0.00;0.00;0.00;0.00;2.19;99.46;4.02;116.57;5.63;63.43;1.08
2019;03;11;05;00;14.24;71.00;1014.40;0.00;0.00;0.00;0.00;0.00;0.00;0.00;0.00;0.00;0.00;2.16;90.00;3.89;123.69;5.40;53.13;0.36
2019;03;11;06;00;13.98;71.00;1014.50;0.00;0.00;0.00;0.00;0.00;0.00;0.00;0.00;0.00;0.00;2.55;98.13;4.90;143.97;4.39;55.01;1.08
2019;03;11;07;00;13.86;68.00;1014.70;0.00;0.00;0.00;0.00;0.00;0.00;0.00;0.00;0.00;0.00;2.88;90.00;4.51;151.39;4.10;52.13;0.72
2019;03;11;08;00;13.85;66.00;1015.40;0.00;0.00;0.00;0.00;0.00;0.00;0.00;0.00;22.59;5.34;2.90;97.13;4.20;149.04;4.39;55.01;1.08
2019;03;11;09;00;16.71;48.00;1013.90;0.00;0.00;0.00;0.00;0.00;0.00;0.00;0.00;60.00;150.41;1.02;225.00;6.15;69.44;6.92;38.66;1.80
2019;03;11;10;00;18.05;49.00;1013.50;0.00;0.00;0.00;0.00;0.00;0.00;0.00;0.00;60.00;361.34;3.98;264.81;2.62;74.05;4.51;28.61;2.16
2019;03;11;11;00;19.63;47.00;1013.40;0.00;0.00;0.00;0.00;0.00;0.00;0.00;0.00;60.00;553.58;5.15;257.91;1.80;143.13;1.53;45.00;2.16
2019;03;11;12;00;21.61;42.00;1013.40;0.00;0.00;0.00;0.00;0.00;0.00;0.00;0.00;60.00;711.11;5.82;248.20;2.97;165.96;1.44;180.00;3.24
2019;03;11;13;00;23.38;35.00;1013.50;0.00;0.00;0.00;0.00;0.00;0.00;0.00;0.00;60.00;818.80;6.99;235.49;4.68;180.00;3.26;186.34;5.40
2019;03;11;14;00;24.79;31.00;1013.20;0.00;0.00;0.00;0.00;0.00;0.00;0.00;0.00;60.00;872.20;8.71;218.29;6.85;176.99;6.52;186.34;8.28
2019;03;11;15;00;25.65;31.00;1012.80;0.00;0.00;0.00;0.00;0.00;0.00;0.00;0.00;60.00;864.19;11.44;204.15;11.30;170.84;11.53;178.21;12.60
2019;03;11;16;00;25.98;33.00;1013.10;0.00;0.00;0.00;0.00;0.00;0.00;0.00;0.00;60.00;795.66;12.66;194.83;13.32;161.08;13.91;169.56;12.60
2019;03;11;17;00;25.77;38.00;1013.20;0.00;0.00;0.00;0.00;0.00;0.00;0.00;0.00;60.00;671.95;12.85;191.31;13.78;160.14;14.76;167.32;11.16
2019;03;11;18;00;25.05;43.00;1013.20;0.00;0.00;0.00;0.00;0.00;0.00;0.00;0.00;60.00;503.74;13.14;189.46;12.98;160.56;14.76;167.32;11.88
2019;03;11;19;00;23.93;47.00;1013.60;0.00;0.00;0.00;0.00;0.00;0.00;0.00;0.00;60.00;308.83;12.32;186.71;11.63;158.20;13.55;163.01;13.32
2019;03;11;20;00;22.30;49.00;1014.30;0.00;0.00;0.00;0.00;0.00;0.00;0.00;0.00;60.00;101.46;7.24;174.29;7.93;129.47;10.01;142.31;10.08
2019;03;11;21;00;21.16;51.00;1014.50;0.00;0.00;0.00;0.00;0.00;0.00;0.00;0.00;8.06;0.00;4.07;135.00;6.49;86.82;8.53;117.65;6.84
2019;03;11;22;00;20.39;52.00;1014.90;0.00;0.00;0.00;0.00;0.00;0.00;0.00;0.00;0.00;0.00;3.67;101.31;6.30;59.04;5.40;90.00;5.04
2019;03;11;23;00;19.72;53.00;1015.00;0.00;0.00;0.00;0.00;0.00;0.00;0.00;0.00;0.00;0.00;5.41;93.81;7.42;67.17;5.63;63.43;5.40
2019;03;12;00;00;19.25;47.00;1014.60;0.00;0.00;0.00;0.00;0.00;0.00;0.00;0.00;0.00;0.00;5.77;86.42;5.82;68.20;6.49;56.31;5.76
2019;03;12;01;00;19.06;37.00;1014.60;0.00;0.00;0.00;0.00;0.00;0.00;0.00;0.00;0.00;0.00;6.52;83.66;4.35;65.56;6.99;55.49;5.04
2019;03;12;02;00;18.68;30.00;1014.20;0.00;0.00;0.00;0.00;0.00;0.00;0.00;0.00;0.00;0.00;7.34;78.69;6.70;53.75;8.29;55.62;4.32
2019;03;12;03;00;18.46;26.00;1013.70;0.00;0.00;0.00;0.00;0.00;0.00;0.00;0.00;0.00;0.00;8.56;75.38;5.35;47.73;7.73;62.24;4.68
2019;03;12;04;00;18.17;24.00;1013.70;0.00;0.00;0.00;0.00;0.00;0.00;0.00;0.00;0.00;0.00;9.00;73.74;4.33;48.37;6.49;70.56;4.68
2019;03;12;05;00;17.88;23.00;1013.60;0.00;0.00;0.00;0.00;0.00;0.00;0.00;0.00;0.00;0.00;9.00;73.74;4.61;51.34;5.24;74.05;4.32
2019;03;12;06;00;17.65;22.00;1013.40;0.00;0.00;0.00;0.00;0.00;0.00;0.00;0.00;0.00;0.00;9.35;74.36;4.51;61.39;4.90;72.90;3.96
2019;03;12;07;00;17.44;21.00;1013.20;0.00;0.00;0.00;0.00;0.00;0.00;0.00;0.00;0.00;0.00;9.69;74.93;4.80;77.01;5.15;77.91;4.32
2019;03;12;08;00;17.45;20.00;1013.60;0.00;0.00;0.00;0.00;0.00;0.00;0.00;0.00;21.81;5.34;10.04;75.47;4.68;90.00;5.45;82.41;4.68
2019;03;12;09;00;17.74;25.00;1012.80;0.00;0.00;0.00;0.00;0.00;0.00;0.00;0.00;60.00;150.41;2.52;90.00;2.88;90.00;5.15;77.91;2.16
2019;03;12;10;00;19.34;28.00;1012.20;0.00;0.00;0.00;0.00;0.00;0.00;0.00;0.00;60.00;364.90;3.22;243.43;1.80;90.00;4.35;65.56;2.52
2019;03;12;11;00;21.42;26.00;1011.90;0.00;0.00;0.00;0.00;0.00;0.00;0.00;0.00;60.00;559.81;4.83;243.43;2.16;90.00;4.10;52.13;2.52
2019;03;12;12;00;23.66;22.00;1012.00;0.00;0.00;0.00;0.00;0.00;0.00;0.00;0.00;60.00;719.12;6.37;227.29;3.56;135.00;2.16;90.00;3.96
2019;03;12;13;00;25.52;21.00;1012.00;0.00;0.00;0.00;0.00;0.00;0.00;0.00;0.00;60.00;826.81;8.29;214.38;5.82;158.20;4.21;160.02;7.56
2019;03;12;14;00;26.88;20.00;1011.50;0.00;0.00;0.00;0.00;0.00;0.00;0.00;0.00;60.00;880.21;10.79;205.71;8.65;163.07;8.35;172.57;9.72
2019;03;12;15;00;27.70;21.00;1011.10;0.00;0.00;0.00;0.00;0.00;0.00;0.00;0.00;60.00;873.09;11.77;203.43;10.74;166.43;10.90;172.41;10.44
2019;03;12;16;00;28.06;25.00;1011.10;0.00;0.00;0.00;0.00;0.00;0.00;0.00;0.00;60.00;802.78;11.17;200.77;10.03;158.96;10.66;168.31;14.40
2019;03;12;17;00;28.00;29.00;1010.80;0.00;0.00;0.00;0.00;0.00;0.00;0.00;0.00;60.00;675.51;10.93;197.24;10.31;155.22;11.28;163.30;11.52
2019;03;12;18;00;27.49;35.00;1010.80;0.00;0.00;0.00;0.00;0.00;0.00;0.00;0.00;60.00;504.63;10.95;189.46;10.19;147.99;10.97;156.80;12.96
2019;03;12;19;00;26.58;42.00;1010.90;0.00;0.00;0.00;0.00;0.00;0.00;0.00;0.00;60.00;306.16;10.45;181.97;10.23;140.71;10.63;151.70;10.44
2019;03;12;20;00;25.14;48.00;1011.30;0.00;0.00;0.00;0.00;0.00;0.00;0.00;0.00;60.00;97.01;6.99;168.11;9.83;118.44;11.02;141.63;9.00
2019;03;12;21;00;23.80;51.00;1011.70;0.00;0.00;0.00;0.00;0.00;0.00;0.00;0.00;6.75;0.00;4.39;124.99;8.65;92.39;9.69;131.99;6.84
2019;03;12;22;00;22.65;52.00;1011.70;0.00;0.00;0.00;0.00;0.00;0.00;0.00;0.00;0.00;0.00;3.89;123.69;6.48;90.00;6.44;116.57;7.20
2019;03;12;23;00;21.61;52.00;1012.00;0.00;0.00;0.00;0.00;0.00;0.00;0.00;0.00;0.00;0.00;3.89;123.69;5.51;101.31;5.69;108.43;6.84
2019;03;13;00;00;20.71;46.00;1012.10;0.00;0.00;0.00;0.00;0.00;0.00;0.00;0.00;0.00;0.00;3.88;111.80;2.74;113.20;5.09;98.13;6.12
2019;03;13;01;00;20.34;37.00;1012.10;0.00;0.00;0.00;0.00;0.00;0.00;0.00;0.00;0.00;0.00;4.74;98.75;2.28;108.43;4.74;81.25;5.04
2019;03;13;02;00;19.93;30.00;1011.80;0.00;0.00;0.00;0.00;0.00;0.00;0.00;0.00;0.00;0.00;5.40;90.00;2.16;90.00;5.69;71.57;3.60
2019;03;13;03;00;19.64;25.00;1011.40;0.00;0.00;0.00;0.00;0.00;0.00;0.00;0.00;0.00;0.00;5.76;90.00;2.16;90.00;5.82;68.20;3.24
2019;03;13;04;00;19.27;22.00;1011.30;0.00;0.00;0.00;0.00;0.00;0.00;0.00;0.00;0.00;0.00;6.13;86.63;1.80;90.00;4.80;77.01;2.52
2019;03;13;05;00;18.84;21.00;1011.00;0.00;0.00;0.00;0.00;0.00;0.00;0.00;0.00;0.00;0.00;6.16;83.29;1.44;90.00;3.96;90.00;2.16
2019;03;13;06;00;18.42;21.00;1010.90;0.00;0.00;0.00;0.00;0.00;0.00;0.00;0.00;0.00;0.00;6.52;83.66;1.44;90.00;3.55;113.96;2.52
2019;03;13;07;00;18.07;21.00;1011.10;0.00;0.00;0.00;0.00;0.00;0.00;0.00;0.00;0.00;0.00;5.80;82.87;1.14;71.57;3.40;122.01;1.80
2019;03;13;08;00;17.83;22.00;1011.60;0.00;0.00;0.00;0.00;0.00;0.00;0.00;0.00;21.03;4.45;5.51;78.69;1.48;75.96;3.55;113.96;1.44
2019;03;13;09;00;18.39;20.00;1011.50;0.00;0.00;0.00;0.00;0.00;0.00;0.00;0.00;60.00;146.85;1.80;143.13;2.74;156.80;4.35;114.44;1.08
2019;03;13;10;00;19.91;27.00;1011.30;0.00;0.00;0.00;0.00;0.00;0.00;0.00;0.00;60.00;359.56;4.10;232.13;1.48;165.96;2.52;90.00;1.44
2019;03;13;11;00;21.76;30.00;1011.20;0.00;0.00;0.00;0.00;2.00;0.00;2.00;0.00;60.00;554.47;5.40;233.13;2.19;170.54;1.44;90.00;1.44
2019;03;13;12;00;23.84;30.00;1010.80;0.00;0.00;0.00;0.00;51.00;37.00;51.00;0.00;58.72;703.10;7.15;229.09;3.98;185.19;2.52;180.00;3.96
2019;03;13;13;00;25.51;29.00;1010.70;0.00;0.00;0.00;0.00;100.00;54.00;100.00;0.00;27.45;784.09;9.18;221.82;5.41;183.81;5.05;184.09;6.84
2019;03;13;14;00;26.78;28.00;1010.50;0.00;0.00;0.00;0.00;100.00;56.00;100.00;0.00;0.00;785.87;10.99;211.61;7.95;174.81;8.28;180.00;9.72
2019;03;13;15;00;27.29;30.00;1010.40;0.00;0.00;0.00;0.00;100.00;49.00;100.00;0.00;0.00;775.19;12.24;208.07;9.53;169.11;10.11;175.91;10.44
2019;03;13;16;00;27.14;36.00;1010.40;0.00;0.00;0.00;0.00;100.00;0.00;100.00;0.00;0.00;685.30;12.57;203.63;9.23;159.44;10.31;167.91;11.88
2019;03;13;17;00;26.77;43.00;1010.60;0.00;0.00;0.00;0.00;64.00;0.00;64.00;0.00;0.00;626.56;11.84;199.54;9.02;151.39;10.03;158.96;11.16
2019;03;13;18;00;26.07;48.00;1010.70;0.00;0.00;0.00;0.00;7.00;0.00;7.00;0.00;19.15;495.73;11.79;192.34;9.50;142.70;10.14;152.53;10.80
2019;03;13;19;00;24.87;54.00;1010.90;0.00;0.00;0.00;0.00;0.00;0.00;0.00;0.00;55.53;300.82;11.21;185.53;9.50;142.70;10.81;150.02;10.44
2019;03;13;20;00;23.15;59.00;1011.40;0.00;0.00;0.00;0.00;0.00;0.00;0.00;0.00;60.00;92.56;7.21;177.14;7.93;129.47;10.30;143.53;9.00
2019;03;13;21;00;21.89;61.00;1012.10;0.00;0.00;0.00;0.00;0.00;0.00;0.00;0.00;5.43;0.00;3.22;153.43;4.68;112.62;7.29;122.91;7.56
2019;03;13;22;00;20.74;65.00;1012.40;0.00;0.00;0.00;0.00;0.00;0.00;0.00;0.00;0.00;0.00;3.42;161.57;2.97;165.96;6.19;125.54;7.56
2019;03;13;23;00;19.72;67.00;1012.70;0.00;0.00;0.00;0.00;0.00;0.00;0.00;0.00;0.00;0.00;3.05;135.00;3.26;186.34;5.86;132.51;6.84
2019;03;14;00;00;18.95;65.00;1012.70;0.00;0.00;0.00;0.00;0.00;0.00;0.00;0.00;0.00;0.00;3.76;106.70;1.80;180.00;4.90;126.03;6.48
2019;03;14;01;00;18.47;58.00;1012.60;0.00;0.00;0.00;0.00;0.00;0.00;0.00;0.00;0.00;0.00;5.40;90.00;1.61;153.43;4.80;102.99;5.76
2019;03;14;02;00;18.28;45.00;1012.30;0.00;0.00;0.00;0.00;0.00;0.00;0.00;0.00;0.00;0.00;6.29;76.76;1.02;135.00;4.32;90.00;3.96
2019;03;14;03;00;18.30;33.00;1012.10;0.00;0.00;0.00;0.00;0.00;0.00;0.00;0.00;0.00;0.00;7.17;72.47;1.30;33.69;4.69;94.40;3.24
2019;03;14;04;00;18.23;25.00;1012.00;0.00;0.00;0.00;0.00;0.00;0.00;0.00;0.00;0.00;0.00;7.52;73.30;3.05;45.00;3.76;106.70;3.24
2019;03;14;05;00;18.06;19.00;1011.90;0.00;0.00;0.00;0.00;0.00;0.00;0.00;0.00;0.00;0.00;8.21;74.74;2.62;74.05;4.39;124.99;2.88
2019;03;14;06;00;17.84;15.00;1012.00;0.00;0.00;0.00;0.00;0.00;0.00;0.00;0.00;0.00;0.00;8.65;73.07;3.60;90.00;4.61;128.66;2.88
2019;03;14;07;00;17.59;13.00;1012.10;0.00;0.00;0.00;0.00;0.00;0.00;0.00;0.00;0.00;0.00;8.77;70.82;3.60;90.00;4.39;124.99;2.52
2019;03;14;08;00;17.50;12.00;1012.70;0.00;0.00;0.00;0.00;0.00;0.00;0.00;0.00;20.25;4.45;8.43;70.02;3.62;95.71;4.68;112.62;2.16
2019;03;14;09;00;18.56;16.00;1012.20;0.00;0.00;0.00;0.00;0.00;0.00;0.00;0.00;60.00;144.18;2.74;66.80;1.08;270.00;4.51;151.39;1.44
2019;03;14;10;00;19.38;29.00;1012.50;0.00;0.00;0.00;0.00;0.00;0.00;0.00;0.00;60.00;358.67;5.01;248.96;1.61;243.43;2.60;146.31;2.16
2019;03;14;11;00;21.00;32.00;1012.60;0.00;0.00;0.00;0.00;0.00;0.00;0.00;0.00;60.00;554.47;5.19;236.31;2.19;170.54;3.32;139.40;2.16
2019;03;14;12;00;23.03;32.00;1012.60;0.00;0.00;0.00;0.00;0.00;0.00;0.00;0.00;60.00;712.89;7.90;226.85;4.68;180.00;4.74;171.25;4.32
2019;03;14;13;00;24.75;32.00;1012.40;0.00;0.00;0.00;0.00;0.00;0.00;0.00;0.00;60.00;819.69;9.29;215.54;6.88;173.99;6.88;173.99;10.44
2019;03;14;14;00;26.06;31.00;1012.00;0.00;0.00;0.00;0.00;0.00;0.00;0.00;0.00;60.00;869.53;10.19;212.01;7.34;168.69;7.64;171.87;13.68
2019;03;14;15;00;26.86;30.00;1011.60;0.00;0.00;0.00;0.00;0.00;0.00;0.00;0.00;60.00;858.85;10.69;212.62;7.34;168.69;7.95;174.81;16.92
2019;03;14;16;00;27.09;33.00;1011.60;0.00;0.00;0.00;0.00;0.00;0.00;0.00;0.00;60.00;787.65;11.75;207.35;7.97;161.57;8.76;170.54;15.48
2019;03;14;17;00;26.80;35.00;1011.80;0.00;0.00;0.00;0.00;0.00;0.00;0.00;0.00;60.00;662.16;12.07;197.35;9.34;152.45;10.03;158.96;15.48
2019;03;14;18;00;25.99;39.00;1011.80;0.00;0.00;0.00;0.00;0.00;0.00;0.00;0.00;60.00;493.06;11.66;188.88;9.89;146.89;10.63;151.70;10.80
2019;03;14;19;00;24.83;44.00;1011.80;0.00;0.00;0.00;0.00;0.00;0.00;0.00;0.00;60.00;297.26;11.18;183.69;9.89;146.89;11.12;150.95;9.00
2019;03;14;20;00;23.26;49.00;1012.30;0.00;0.00;0.00;0.00;0.00;0.00;0.00;0.00;60.00;89.00;6.57;170.54;7.49;125.22;9.93;136.47;8.28
2019;03;14;21;00;22.07;51.00;1012.70;0.00;0.00;0.00;0.00;0.00;0.00;0.00;0.00;4.11;0.00;3.40;147.99;3.76;106.70;7.10;120.47;7.56
2019;03;14;22;00;20.86;55.00;1012.90;0.00;0.00;0.00;0.00;0.00;0.00;0.00;0.00;0.00;0.00;3.40;147.99;2.31;128.66;5.50;121.61;7.56
2019;03;14;23;00;19.75;57.00;1013.20;0.00;0.00;0.00;0.00;0.00;0.00;0.00;0.00;0.00;0.00;3.10;125.54;2.19;170.54;4.69;122.47;7.92
2019;03;15;00;00;18.93;54.00;1012.90;0.00;0.00;0.00;0.00;0.00;0.00;0.00;0.00;0.00;0.00;3.98;95.19;2.16;180.00;3.71;119.05;6.48
2019;03;15;01;00;18.46;45.00;1012.80;0.00;0.00;0.00;0.00;0.00;0.00;0.00;0.00;0.00;0.00;5.51;78.69;1.14;161.57;2.90;97.13;4.68
2019;03;15;02;00;18.39;33.00;1012.50;0.00;0.00;0.00;0.00;0.00;0.00;0.00;0.00;0.00;0.00;6.62;67.62;1.53;45.00;2.97;75.96;2.52
2019;03;15;03;00;18.34;25.00;1012.40;0.00;0.00;0.00;0.00;0.00;0.00;0.00;0.00;0.00;0.00;7.42;67.17;2.90;29.74;3.67;78.69;2.52
2019;03;15;04;00;18.18;19.00;1012.50;0.00;0.00;0.00;0.00;0.00;0.00;0.00;0.00;0.00;0.00;8.23;66.80;3.60;36.87;2.88;90.00;3.24
2019;03;15;05;00;17.87;15.00;1012.40;0.00;0.00;0.00;0.00;0.00;0.00;0.00;0.00;0.00;0.00;8.37;64.54;3.05;45.00;2.97;104.04;2.88
2019;03;15;06;00;17.54;13.00;1012.60;0.00;0.00;0.00;0.00;0.00;0.00;0.00;0.00;0.00;0.00;8.23;66.80;3.08;69.44;3.71;119.05;2.88
2019;03;15;07;00;17.21;12.00;1012.90;0.00;0.00;0.00;0.00;0.00;0.00;0.00;0.00;0.00;0.00;7.57;64.65;3.42;71.57;3.89;123.69;2.16
2019;03;15;08;00;16.99;12.00;1013.70;0.00;0.00;0.00;0.00;0.00;0.00;0.00;0.00;19.48;3.56;7.57;64.65;2.97;75.96;4.38;99.46;2.16
2019;03;15;09;00;17.70;14.00;1012.90;0.00;0.00;0.00;0.00;0.00;0.00;0.00;0.00;60.00;144.18;5.15;65.22;2.88;90.00;3.62;84.29;2.52
2019;03;15;10;00;19.56;17.00;1012.90;0.00;0.00;0.00;0.00;0.00;0.00;0.00;0.00;60.00;358.67;4.90;252.90;2.19;170.54;2.74;66.80;2.52
2019;03;15;11;00;21.37;19.00;1012.80;0.00;0.00;0.00;0.00;0.00;0.00;0.00;0.00;60.00;552.69;6.49;236.31;4.55;161.57;3.32;139.40;3.60
2019;03;15;12;00;23.46;17.00;1012.70;0.00;0.00;0.00;0.00;0.00;0.00;0.00;0.00;60.00;709.33;7.39;226.97;5.63;153.43;4.68;157.38;9.72
2019;03;15;13;00;25.17;16.00;1012.40;0.00;0.00;0.00;0.00;0.00;0.00;0.00;0.00;60.00;815.24;6.37;227.29;5.50;148.39;3.88;158.20;14.76
2019;03;15;14;00;26.55;17.00;1012.10;0.00;0.00;0.00;0.00;0.00;0.00;0.00;0.00;60.00;865.97;7.41;240.95;4.68;157.38;3.24;180.00;15.84
2019;03;15;15;00;27.34;19.00;1011.80;0.00;0.00;0.00;0.00;0.00;0.00;0.00;0.00;60.00;855.29;9.00;233.13;8.05;169.70;7.57;182.73;20.16
2019;03;15;16;00;27.29;22.00;1011.90;0.00;0.00;0.00;0.00;0.00;0.00;0.00;0.00;60.00;784.09;11.49;212.20;12.76;163.61;12.68;173.48;22.32
2019;03;15;17;00;26.62;24.00;1012.40;0.00;0.00;0.00;0.00;0.00;0.00;0.00;0.00;60.00;658.60;11.84;199.54;13.24;157.62;13.55;163.01;21.96
2019;03;15;18;00;25.83;24.00;1013.00;0.00;0.00;0.00;0.00;0.00;0.00;0.00;0.00;60.00;490.39;9.61;192.99;9.79;143.97;10.14;152.53;9.00
2019;03;15;19;00;24.72;23.00;1013.30;0.00;0.00;0.00;0.00;0.00;0.00;0.00;0.00;60.00;295.48;7.57;182.73;9.73;128.99;9.67;135.00;6.84
2019;03;15;20;00;23.19;24.00;1014.00;0.00;0.00;0.00;0.00;0.00;0.00;0.00;0.00;60.00;86.33;4.90;162.90;9.96;102.53;9.83;113.75;6.84
2019;03;15;21;00;21.96;26.00;1014.50;0.00;0.00;0.00;0.00;0.00;0.00;0.00;0.00;2.79;0.00;3.55;113.96;7.92;90.00;8.56;104.62;6.84
2019;03;15;22;00;20.75;29.00;1014.60;0.00;0.00;0.00;0.00;0.00;0.00;0.00;0.00;0.00;0.00;3.60;90.00;3.60;90.00;6.52;96.34;6.84
2019;03;15;23;00;19.58;33.00;1015.10;0.00;0.00;0.00;0.00;0.00;0.00;0.00;0.00;0.00;0.00;3.98;95.19;1.53;135.00;4.38;99.46;7.20
2019;03;16;00;00;18.60;35.00;1015.20;0.00;0.00;0.00;0.00;0.00;0.00;0.00;0.00;0.00;0.00;5.45;82.41;2.55;81.87;4.69;85.60;6.84
2019;03;16;01;00;18.04;32.00;1014.70;0.00;0.00;0.00;0.00;0.00;0.00;0.00;0.00;0.00;0.00;7.63;70.71;3.71;60.95;4.83;63.43;6.12
2019;03;16;02;00;17.66;23.00;1014.10;0.00;0.00;0.00;0.00;0.00;0.00;0.00;0.00;0.00;0.00;9.03;66.50;5.19;56.31;2.81;50.19;4.68
2019;03;16;03;00;17.29;16.00;1013.80;0.00;0.00;0.00;0.00;0.00;0.00;0.00;0.00;0.00;0.00;10.14;62.53;4.33;41.63;4.07;45.00;5.40
2019;03;16;04;00;16.84;12.00;1013.60;0.00;0.00;0.00;0.00;0.00;0.00;0.00;0.00;0.00;0.00;10.95;62.59;1.80;36.87;4.68;22.62;6.48
2019;03;16;05;00;16.55;10.00;1013.20;0.00;0.00;0.00;0.00;0.00;0.00;0.00;0.00;0.00;0.00;11.11;65.10;4.55;71.57;2.41;26.57;6.12
2019;03;16;06;00;16.24;9.00;1013.10;0.00;0.00;0.00;0.00;0.00;0.00;0.00;0.00;0.00;0.00;11.44;65.85;6.29;76.76;2.04;45.00;7.92
2019;03;16;07;00;16.05;8.00;1013.20;0.00;0.00;0.00;0.00;0.00;0.00;0.00;0.00;0.00;0.00;11.12;60.95;7.90;65.77;2.90;29.74;5.40
2019;03;16;08;00;15.86;9.00;1013.50;0.00;0.00;0.00;0.00;0.00;0.00;0.00;0.00;18.71;3.56;10.81;60.02;8.37;64.54;3.89;33.69;6.48
2019;03;16;09;00;17.04;15.00;1013.40;0.00;0.00;0.00;0.00;0.00;0.00;0.00;0.00;60.00;142.40;5.12;50.71;3.08;69.44;4.35;24.44;3.24
2019;03;16;10;00;18.55;18.00;1013.50;0.00;0.00;0.00;0.00;0.00;0.00;0.00;0.00;60.00;357.78;4.69;265.60;1.84;168.69;4.02;10.30;5.04
2019;03;16;11;00;20.44;19.00;1012.90;0.00;0.00;0.00;0.00;72.00;0.00;72.00;0.00;60.00;552.69;6.13;266.63;1.84;168.69;1.44;360.00;6.48
2019;03;16;12;00;22.61;16.00;1012.10;0.00;0.00;0.00;0.00;81.00;0.00;81.00;0.00;14.04;693.31;8.64;270.00;3.08;200.56;2.28;251.57;16.56
2019;03;16;13;00;24.40;17.00;1011.80;0.00;0.00;0.00;0.00;2.00;0.00;2.00;0.00;8.30;792.99;9.69;254.93;6.92;188.97;5.50;211.61;21.24
2019;03;16;14;00;25.49;20.00;1011.40;0.00;0.00;0.00;0.00;0.00;0.00;0.00;0.00;58.72;857.96;10.97;228.99;12.02;171.38;11.52;180.00;26.64
2019;03;16;15;00;25.52;25.00;1011.50;0.00;0.00;0.00;0.00;0.00;0.00;0.00;0.00;60.00;848.17;13.85;204.57;18.33;160.50;18.08;167.35;30.24
2019;03;16;16;00;25.29;28.00;1012.00;0.00;0.00;0.00;0.00;0.00;0.00;0.00;0.00;60.00;776.08;12.07;197.35;13.24;157.62;14.24;163.86;29.88
2019;03;16;17;00;24.99;27.00;1012.20;0.00;0.00;0.00;0.00;0.00;0.00;0.00;0.00;60.00;653.26;8.77;199.18;7.73;152.24;8.43;160.02;27.72
2019;03;16;18;00;24.37;27.00;1012.90;0.00;0.00;0.00;0.00;0.00;0.00;0.00;0.00;60.00;486.83;5.05;184.09;6.76;115.20;6.19;125.54;22.68
2019;03;16;19;00;23.55;27.00;1013.30;0.00;0.00;0.00;0.00;0.00;0.00;0.00;0.00;60.00;291.03;2.55;171.87;8.35;97.43;6.64;102.53;20.52
2019;03;16;20;00;22.16;28.00;1014.10;0.00;0.00;0.00;0.00;0.00;0.00;0.00;0.00;60.00;82.77;4.10;127.87;12.60;90.00;9.89;100.49;7.20
2019;03;16;21;00;20.81;31.00;1015.00;0.00;0.00;0.00;0.00;0.00;0.00;0.00;0.00;1.46;0.00;6.48;90.00;13.40;83.83;11.53;88.21;8.28
2019;03;16;22;00;19.81;34.00;1015.20;0.00;0.00;0.00;0.00;0.00;0.00;0.00;0.00;0.00;0.00;5.76;90.00;9.01;87.71;9.89;79.51;5.76
2019;03;16;23;00;18.85;37.00;1015.50;0.00;0.00;0.00;0.00;0.00;0.00;0.00;0.00;0.00;0.00;6.52;83.66;6.48;90.00;8.83;78.23;9.00
2019;03;17;00;00;17.72;37.00;1015.40;0.00;0.00;0.00;0.00;0.00;0.00;0.00;0.00;0.00;0.00;7.52;73.30;3.22;63.43;4.39;55.01;6.84
2019;03;17;01;00;16.86;33.00;1015.60;0.00;0.00;0.00;0.00;0.00;0.00;0.00;0.00;0.00;0.00;8.77;70.82;2.74;66.80;2.52;90.00;4.32
2019;03;17;02;00;16.32;23.00;1015.40;0.00;0.00;0.00;0.00;0.00;0.00;0.00;0.00;0.00;0.00;9.79;72.90;1.08;90.00;3.67;78.69;6.12
2019;03;17;03;00;15.96;15.00;1015.10;0.00;0.00;0.00;0.00;0.00;0.00;0.00;0.00;0.00;0.00;10.37;69.68;2.31;38.66;4.39;55.01;8.28
2019;03;17;04;00;15.85;11.00;1015.20;0.00;0.00;0.00;0.00;0.00;0.00;0.00;0.00;0.00;0.00;9.36;67.38;2.55;351.87;4.84;48.01;5.04
2019;03;17;05;00;15.81;10.00;1015.00;0.00;0.00;0.00;0.00;0.00;0.00;0.00;0.00;0.00;0.00;9.36;67.38;3.55;336.04;5.12;50.71;4.68
2019;03;17;06;00;15.54;10.00;1014.80;0.00;0.00;0.00;0.00;0.00;0.00;0.00;0.00;0.00;0.00;8.43;70.02;2.52;360.00;5.32;61.70;4.68
2019;03;17;07;00;15.28;10.00;1014.70;0.00;0.00;0.00;0.00;0.00;0.00;0.00;0.00;0.00;0.00;7.63;70.71;2.16;360.00;4.83;63.43;3.96
2019;03;17;08;00;15.05;11.00;1015.00;0.00;0.00;0.00;0.00;0.00;0.00;0.00;0.00;17.95;2.67;6.83;71.57;2.19;9.46;4.55;71.57;3.60
2019;03;17;09;00;15.05;23.00;1015.30;0.00;0.00;0.00;0.00;0.00;0.00;0.00;0.00;60.00;140.62;2.41;116.57;1.14;161.57;5.50;121.61;2.52
2019;03;17;10;00;16.71;26.00;1015.50;0.00;0.00;0.00;0.00;0.00;0.00;0.00;0.00;60.00;357.78;4.33;228.37;1.94;158.20;4.69;122.47;3.60
2019;03;17;11;00;18.52;26.00;1015.20;0.00;0.00;0.00;0.00;0.00;0.00;0.00;0.00;60.00;554.47;5.99;212.74;5.15;155.22;6.12;118.07;3.96
2019;03;17;12;00;20.68;23.00;1014.60;0.00;0.00;0.00;0.00;1.50;5.00;0.00;0.00;60.00;710.22;8.09;212.28;6.73;164.48;7.29;147.09;5.76
2019;03;17;13;00;22.57;22.00;1014.10;0.00;0.00;0.00;0.00;3.00;10.00;0.00;0.00;59.04;809.01;10.19;212.01;8.64;180.00;8.83;168.23;7.20
2019;03;17;14;00;24.15;23.00;1013.90;0.00;0.00;0.00;0.00;3.90;13.00;0.00;0.00;58.09;856.18;12.07;206.57;9.73;177.88;10.85;174.29;13.32
2019;03;17;15;00;25.14;24.00;1013.60;0.00;0.00;0.00;0.00;4.50;15.00;0.00;0.00;57.51;846.39;13.24;202.38;11.53;178.21;12.62;176.73;18.00
2019;03;17;16;00;25.55;27.00;1013.20;0.00;0.00;0.00;0.00;3.00;10.00;0.00;0.00;57.13;777.86;13.10;200.92;10.59;170.22;11.97;173.09;12.96
2019;03;17;17;00;25.49;31.00;1013.10;0.00;0.00;0.00;0.00;1.20;4.00;0.00;0.00;58.09;655.93;12.76;196.39;10.39;165.96;11.79;167.66;14.04
2019;03;17;18;00;24.98;35.00;1013.00;0.00;0.00;0.00;0.00;0.00;0.00;0.00;0.00;59.23;491.28;12.22;193.63;9.79;162.90;11.44;167.28;14.76
2019;03;17;19;00;23.93;42.00;1013.10;0.00;0.00;0.00;0.00;0.00;0.00;0.00;0.00;60.00;286.58;11.30;189.16;9.45;162.26;11.38;161.57;15.48
2019;03;17;20;00;22.38;49.00;1013.80;0.00;0.00;0.00;0.00;0.00;0.00;0.00;0.00;60.00;84.55;7.20;180.00;8.22;151.19;10.46;153.43;9.00
2019;03;17;21;00;21.06;53.00;1014.60;0.00;0.00;0.00;0.00;0.00;0.00;0.00;0.00;0.13;0.00;4.69;175.60;5.50;148.39;9.50;155.38;7.56
2019;03;17;22;00;22.22;39.00;1013.40;0.00;0.00;0.00;0.00;0.00;0.00;0.00;0.00;0.00;0.00;5.86;222.51;9.00;216.87;9.03;203.50;9.72
2019;03;17;23;00;20.70;46.00;1013.90;0.00;0.00;0.00;0.00;0.00;0.00;0.00;0.00;0.00;0.00;3.96;180.00;4.51;151.39;7.24;153.43;8.64
